,mean,std,rms,skew,kurtosis,crest_factor,peak,margin,env_peak_freq,env_total_energy,env_energy_ratio_0,env_energy_ratio_1,env_energy_ratio_2,env_energy_ratio_3,env_energy_ratio_4,fft_energy_ratio_0,fft_energy_ratio_1,fft_energy_ratio_2,fft_energy_ratio_3,fft_energy_ratio_4,fft_peak_freq,file,label
0,-2.567486190028947e-18,1.0,1.0,0.02690923209519247,13.250430043976895,14.612963526783226,14.61296352679784,21.71993241865269,0.0,165323275282.1574,0.9427989218583482,0.02003261931158252,0.025232617481405668,0.011774307713444898,0.00016153363521849263,0.0013365632790969515,0.04766554989014834,0.13840819522397074,0.810908539781913,0.0016811518248707911,1383.6706622126153,./data\source\1730_B_14_DE12.npz,B
1,7.304422936683863e-18,0.9999999999999999,0.9999999999999999,0.10533200686441818,15.765594389421523,17.286842686563723,17.286842686581007,25.39802849875932,0.0,165526032431.5893,0.9545199560874268,0.01842130798035375,0.017929436635152462,0.007599602997951739,0.0015296962932047392,0.0014946584580919687,0.03768581499348885,0.06453101730972731,0.8899609927319618,0.006327516505709598,1383.0946335691572,./data\source\1730_B_14_DE48.npz,B
2,-5.097649070250166e-18,0.9999999999999999,0.9999999999999999,-0.0004250382749159221,6.678928109576644,11.412752637214947,11.412752637226358,16.29379540108443,0.0,167570030340.7483,0.9570965599832639,0.015400356842635307,0.019015772843528827,0.00840636153648329,8.09487940887115e-05,0.0007562719140216956,0.015772734970707483,0.06528184576163015,0.9165945450408711,0.0015946023127696683,1001.2534237036349,./data\source\1730_B_14_FE.npz,B
3,7.710639620081622e-18,0.9999999999999999,0.9999999999999999,0.0042454808388923595,0.11094687528734148,4.919073609427106,4.919073609432025,6.199066593785959,0.0,188441898386.3114,0.9340382850516066,0.013102045252285054,0.030855085042587875,0.02168179528196972,0.0003227893715505934,0.0011609662284886913,0.05942209349707688,0.2190603959437264,0.7098511367067839,0.010505407623924164,1387.207702888583,./data\source\1730_B_21_DE12.npz,B
4,1.3090626081638475e-17,0.9999999999999999,0.9999999999999999,0.04364063653129192,15.727839744170737,11.136843899015512,11.136843899026648,17.15677585485541,0.0,160078033439.09436,0.9711886892470197,0.010139935470178761,0.01681419353104532,0.0016261377383258344,0.00023104400676730798,8.096449531565379e-05,0.0072596943658464865,0.0631647657310561,0.9283523204156193,0.0011422549918595787,1386.0527029358839,./data\source\1730_B_21_DE48.npz,B
5,3.016877427036646e-17,1.0,1.0,-0.00574307407443374,0.3466349663589443,7.483449231740251,7.483449231747735,9.453168542242828,0.0,183975916553.28772,0.9345133819909534,0.008879098785180098,0.03620045924577652,0.02013684033166612,0.0002702196464238667,0.0013245745526797494,0.08272770909383387,0.24308683076202475,0.6705621993784298,0.0022986862130319535,1002.2102466039188,./data\source\1730_B_21_FE.npz,B
6,-1.2652710328251388e-17,1.0,1.0,0.018989259697264393,0.9322945649538301,6.140720126564096,6.140720126570237,8.13486412001351,0.0,177249135193.97778,0.9635138487799587,0.032754508582446655,0.003283116549533209,0.0004452223608313874,3.30372723007304e-06,6.37099868581854e-05,0.0005805747603653465,0.0040970791196042146,0.9948300264315362,0.0004286097016361819,2850.724062685975,./data\source\1730_B_28_DE12.npz,B
7,1.4809823718893034e-18,1.0,1.0,0.0035280663337018446,-0.11333386183082261,4.671392226854198,4.6713922268588695,5.821504336242533,0.0,188542468929.16205,0.9563443525596497,0.019406901516048142,0.011971719882355325,0.012183326104370581,9.369988456868458e-05,0.0003073435435967978,0.02687075515298022,0.06693078143944642,0.905532608698321,0.0003585111652210702,1382.471078204535,./data\source\1730_B_7_DE12.npz,B
8,3.13387792923909e-17,1.0,1.0,-0.0011373793102028601,0.04659074467338886,4.681059316344041,4.681059316348723,5.882149009983242,0.0,188956821383.35104,0.946655285710346,0.023152304475528365,0.018652081923276498,0.009919013751114026,0.0016213141397351393,0.0002824109174567089,0.03306746331268954,0.08764671555611123,0.8722951217596423,0.006708288454100058,2889.851610545998,./data\source\1730_B_7_DE48.npz,B
9,-1.0257146134073061e-17,0.9999999999999998,0.9999999999999998,-0.006362337615859196,4.031717626622905,11.764291572538914,11.764291572550677,15.459828284690317,0.0,179057446913.5076,0.9322656990825012,0.014797112430758135,0.0171509897062753,0.035300415059721424,0.00048578372074357983,0.002963116833639354,0.041349631959717574,0.2536862805198324,0.697652410344665,0.004348560342145674,1072.2621976695605,./data\source\1730_B_7_FE.npz,B
10,-1.6435635798521896e-17,1.0,1.0,-0.017209167001916617,15.485922935762176,12.372847401940579,12.372847401952953,19.4949218926112,0.0,157629864660.40784,0.9060851596300882,0.05769374221461221,0.020949619323094637,0.015102477600592003,0.00016900122793683545,0.0005141474415072214,0.018596498509994248,0.11808144079240583,0.861291987757397,0.00151592549831304,1386.8415214336776,./data\source\1730_IR_14_DE12.npz,IR
11,9.006039527351166e-18,1.0,1.0,0.08248000284745638,12.283359339481581,10.091288900398034,10.091288900408125,16.566721578909494,0.0,152450485256.1258,0.9670576640407424,0.013112471953100212,0.017152425757149193,0.0023801321093564875,0.00029730613965168616,0.00024395156997387662,0.009770328178364393,0.06986918665330974,0.8494910450933932,0.07062548850495874,1385.5821087526592,./data\source\1730_IR_14_DE48.npz,IR
12,1.6437822291774597e-18,1.0,1.0,0.025234720947451227,2.2592410546217105,8.667976821455701,8.66797682146437,11.599726114404,0.0,176275782065.25647,0.9410420971612651,0.01473757101860249,0.01816384074031515,0.02569233053858152,0.00036416054123592276,0.0032082910552600793,0.08000353355858682,0.12348258691790208,0.7908227743067523,0.002482814161498936,1390.6627671262554,./data\source\1730_IR_14_FE.npz,IR
13,-7.540957226066663e-18,1.0,1.0,0.14078177942091918,5.31681717359378,7.857607387094966,7.857607387102824,11.649682595298213,0.0,165226162480.41162,0.9707960127360563,0.018794680587557257,0.005700348746052514,0.0046915484856994375,1.7409436187187737e-05,0.0008133459897373666,0.01849040288657612,0.015951883232122693,0.9642044907000151,0.0005398771915293946,2829.5472011312286,./data\source\1730_IR_21_DE12.npz,IR
14,3.026995750399411e-17,1.0,1.0,0.035415941167784404,0.6243446749199424,5.100348053705067,5.100348053710168,6.649209451378474,0.0,183552646975.17792,0.9910535756433371,0.005796514351896929,0.002584395045973875,0.000530272756059903,3.5242202007467874e-05,0.0002243033044468975,0.0043208164487253545,0.010082632454253018,0.9850599023416289,0.0003123454508214328,2517.240956318004,./data\source\1730_IR_21_DE48.npz,IR
15,-5.112767468679055e-19,1.0,1.0,0.010251649053256416,0.732871903580337,5.011608516575955,5.011608516580967,6.4998619376794196,0.0,181023538664.70282,0.9578580052894518,0.01476666923232487,0.011924736380960671,0.01531666353169064,0.00013392556557200353,0.002566198304896635,0.016153417654656027,0.08949937745773491,0.8897408859527857,0.002040120629926504,3635.015396994878,./data\source\1730_IR_21_FE.npz,IR
16,-2.1723914459887848e-17,1.0,1.0,0.16957694323470063,0.33481569756775453,5.544070285672625,5.54407028567817,7.0534289750620855,0.0,185376943779.90128,0.9145673236948485,0.021766349620263834,0.031925290288210895,0.03140813856057517,0.0003328978121783628,0.0006745068612725849,0.34673964597674134,0.21504828343832497,0.4374463362469019,9.122747546146454e-05,615.4263886403328,./data\source\1730_IR_28_DE12.npz,IR
17,1.027513223087164e-17,1.0,1.0,0.03338558134855616,2.3459547625520383,5.506183507974953,5.5061835079804595,7.7133809837691585,0.0,175388435119.0823,0.9186917454629709,0.026336238699963793,0.03365127438800469,0.021021223137052354,0.0002995183120080829,0.00029557754006513627,0.034204227663645496,0.155115404004884,0.8092581768614098,0.0011266139299955763,2506.957431684153,./data\source\1730_IR_7_DE12.npz,IR
18,-1.4758989313096267e-18,1.0,1.0,-0.08830673003779756,3.9123567490383264,5.837820618358252,5.83782061836409,8.336507284389935,0.0,168471618909.24274,0.8979901954053957,0.018943832599308087,0.05410500165702545,0.026036208656019466,0.002924761630892183,0.00039625177408193356,0.042142445748607905,0.20216988572454675,0.7392670233117594,0.01602439344100291,2506.038386221978,./data\source\1730_IR_7_DE48.npz,IR
19,2.4390417395357874e-19,1.0,1.0,-0.1174792520983842,0.7682016056320893,5.589149776067103,5.589149776072692,7.216988758820371,0.0,182934664261.12567,0.9325928965049516,0.014944311599486674,0.0317066803214467,0.020453663939343312,0.00030244763164902043,0.0006953888321661782,0.039888024671176504,0.21165205419104896,0.7420495880111061,0.005714944291731908,1025.0853147543614,./data\source\1730_IR_7_FE.npz,IR
20,1.8483713800058436e-17,0.9999999999999999,0.9999999999999999,-0.32131330593537105,-0.15118547778705693,5.3288901070119,5.328890107017228,6.606562883611474,0.0,3017124676335.0337,0.9278924871903621,0.013432378774795157,0.056308244027391305,0.002310111908193822,5.67780945709354e-05,0.0023278345366034344,0.18874939902992155,0.42496211462799466,0.38378328042892557,0.00017737137655087813,2101.8896596882896,./data\source\1730_Normal.npz,N
21,2.1285181487470495e-18,1.0,1.0,-0.3458499024561517,30.700350954247725,12.666859271390177,12.666859271402844,27.398616366288543,0.0,133003700648.24481,0.9230804428283553,0.04899992014441879,0.01214911080157865,0.01555252624996067,0.00021799978423887184,0.0005931430684863067,0.03229760371333131,0.047111092344971774,0.9195383879222154,0.0004597729509742125,1380.1365642024305,./data\source\1730_OR@12_21_DE12.npz,OR
22,-5.09233254052964e-18,1.0,1.0,0.1537109591824913,18.398891682343947,10.394683005885005,10.3946830058954,19.638695344722212,0.0,141368609562.5328,0.9702885345703527,0.015203921829689965,0.007954689950659448,0.00636669467709236,0.00018615897173264003,0.00045248997654721954,0.02340351930973228,0.025165699597372426,0.9500924138000426,0.0008858773161614477,2777.1834027456425,./data\source\1730_OR@12_21_DE48.npz,OR
23,-1.7671067988728175e-17,1.0,1.0,-0.017975622327490767,5.376770247157263,8.372056119630216,8.372056119638588,12.541428950639059,0.0,164399441916.25598,0.955102804901214,0.03086824267118071,0.0069760574814801005,0.007002974211351818,4.99207347734878e-05,0.00019862770737936382,0.008657807074916377,0.03110178669565188,0.9595580089269093,0.0004837695951430977,3278.64020436235,./data\source\1730_OR@12_7_DE12.npz,OR
24,-7.76563863547413e-18,1.0,1.0,0.025734371703750914,7.3257061705691715,8.528154352807283,8.528154352815811,12.389340129930023,0.0,165337560142.317,0.949227168254036,0.03131028150113446,0.014945307968259595,0.004079808229831945,0.00043743404673817296,0.0002176811337560531,0.011993046311648044,0.05741071810739512,0.9283468445410279,0.00203170990617291,1383.279306725616,./data\source\1730_OR@12_7_DE48.npz,OR
25,-2.4981091803954437e-17,1.0,1.0,-0.016093700587560038,0.07435124185436637,4.666357715992676,4.666357715997343,5.867744344176702,0.0,185965205295.66452,0.93069943610294,0.007767891564696387,0.026790087309111543,0.03434694241331093,0.0003956426099410224,0.0008103856293017777,0.026136983961389793,0.4424074461014781,0.5285287091764032,0.002116475131427378,1072.3612336165143,./data\source\1730_OR@12_7_FE.npz,OR
26,1.1593500080471856e-18,1.0,1.0,0.02031745273337177,1.7851397376117055,5.080948575030987,5.080948575036068,7.173474006001246,0.0,168464648327.42374,0.9795157769880731,0.004484102880873375,0.007520563114433725,0.008429947017390879,4.960999922861246e-05,0.00022393760212372873,0.008237072478834281,0.03342257591170525,0.9539360233533435,0.004180390653993525,3274.548700654632,./data\source\1730_OR@3_14_FE.npz,OR
27,7.259318362036172e-18,1.0,1.0,0.11245054199819801,3.4246362965160557,8.09000084092688,8.090000840934971,11.357293811756263,0.0,172717043055.18045,0.9147627315692647,0.020813607516547292,0.024812293420582783,0.03911158614360282,0.0004997813500025115,0.012109983417693645,0.2654164209182694,0.13441328964617538,0.5844081600459047,0.003652145971956937,617.8031047357043,./data\source\1730_OR@3_21_DE12.npz,OR
28,1.792916568813432e-18,0.9999999999999999,0.9999999999999999,-0.11390671333737803,4.631932498418682,7.445997634996326,7.445997635003771,10.934405631517338,0.0,164126353859.34586,0.9361894158552304,0.023030601462273717,0.030088301721200642,0.010466978930903946,0.00022470203039106728,0.0020857508568320575,0.04100250947400148,0.10415438188630234,0.8501516584181137,0.0026056993647504685,617.6309409917984,./data\source\1730_OR@3_21_DE48.npz,OR
29,2.896159394281178e-17,1.0,1.0,-0.012680951235023039,0.8514487197364549,6.057054143535162,6.05705414354122,7.816671647032243,0.0,182267137629.58026,0.9435889039262244,0.00882979993787979,0.016515718351369623,0.03078335944646684,0.0002822183380592336,0.0006852742231878087,0.05436729667831395,0.1639244303534728,0.7720957676169683,0.008927231128057045,1025.9484615408387,./data\source\1730_OR@3_21_FE.npz,OR
30,1.3117044509130736e-17,0.9999999999999999,0.9999999999999999,0.06189144075123844,1.0841052617879767,4.5508821325662865,4.550882132570837,5.971302092227301,0.0,182508736827.20416,0.9897820717646929,0.00724416050112959,0.0025751141142152274,0.000397692247321362,9.613726408351174e-07,3.353953233254959e-05,0.001526508569699933,0.011805716407222163,0.986293074752225,0.0003411607385204362,2633.439952404756,./data\source\1730_OR@3_7_DE12.npz,OR
31,2.2314746413814037e-17,1.0,1.0,0.03643931034248449,1.1020301043076004,4.825460032529932,4.825460032534758,6.359462388901112,0.0,179744790805.667,0.9503130968136599,0.038101599646919816,0.008424123390288293,0.0028532125198889643,0.00030796762106717146,0.00012667489440971384,0.005435892841516504,0.026744028997180723,0.965757979656501,0.0019354236085819183,3367.823538485269,./data\source\1730_OR@3_7_DE48.npz,OR
32,1.8402015726232168e-18,1.0,1.0,0.0023532497983068867,0.0755683950172279,4.79173701994912,4.791737019953912,6.0240990697627925,0.0,187564215921.0264,0.9321324793351838,0.011593002731376038,0.025353766750328417,0.030586822195956594,0.0003339284080433408,0.001153888574666841,0.04171497772770173,0.2667088282413211,0.687869964661466,0.0025523407945961113,1030.1431986789244,./data\source\1730_OR@3_7_FE.npz,OR
33,1.0889611837859118e-17,1.0,1.0,0.0020341331223433894,0.9084270584812786,9.029414648118427,9.029414648127458,11.473499884861912,0.0,186715854542.58377,0.9331358709237548,0.018213754045099402,0.014785884700256345,0.033246217229600264,0.0006182731000512131,0.0012783729134791795,0.11288879214286865,0.05936516714136109,0.7873687592931592,0.03909890850903056,719.7565399157727,./data\source\1730_OR@6_14_DE12.npz,OR
34,1.6258423437281114e-17,1.0,1.0,0.007052344838138185,-0.0019587798178366533,4.7473331380413235,4.747333138046071,5.9450363532367625,0.0,189509177741.5412,0.9619825699762332,0.0178974010203337,0.012220553781211414,0.0065133422750193945,0.0013861329472023589,0.00038412569857262236,0.028304608254008195,0.043516213503656316,0.9218262649044285,0.005968787639334265,2901.838211589299,./data\source\1730_OR@6_14_DE48.npz,OR
35,-6.41609322275766e-18,1.0,1.0,0.019269805768464744,21.184621009018883,12.871196366046266,12.871196366059138,26.80047955589425,0.0,135915415779.86719,0.9333838035313016,0.04707229165005354,0.007742923880936455,0.011686682836291488,0.00011429801189996228,0.0003834373615799282,0.02774528347801708,0.025876509581402866,0.9451923930922678,0.0008023764867317238,3370.4712428145463,./data\source\1730_OR@6_21_DE12.npz,OR
36,-4.6658211778140436e-18,1.0,1.0,-0.24477062867568472,17.22933235714838,13.144832803595508,13.144832803608654,25.295566556701434,0.0,141689281947.1392,0.9235922331673347,0.05328654592218867,0.012690195569721651,0.009931378020344548,0.0004996473027263071,0.0006854164096734342,0.02643134024272953,0.033792131316944,0.9347244449028302,0.004366667127448806,3293.286392463292,./data\source\1730_OR@6_21_DE48.npz,OR
37,1.423749550266419e-17,1.0,1.0,-0.02733544690041248,4.988078812517967,5.520970113595395,5.520970113600916,9.033703906301223,0.0,156071181706.39227,0.9162868086488616,0.07336063928173708,0.00705199833493869,0.0032722571869238785,2.8296537861041365e-05,4.184991456371011e-05,0.00500664136950382,0.010045522463909771,0.974662335240329,0.010243651011640025,3309.2003818195167,./data\source\1730_OR@6_7_DE12.npz,OR
38,-1.7601254886728912e-17,0.9999999999999998,0.9999999999999998,0.0682748775044189,4.3873560969379835,5.372683422645739,5.372683422651111,8.574063625562982,0.0,157219386281.79413,0.9168170167212697,0.0797270654237619,0.0024008962486900677,0.0009651633575928408,8.985824813269742e-05,3.945878779900569e-05,0.0007203775460636414,0.004092661399048043,0.9941330074280166,0.001014494839045828,3412.179152193293,./data\source\1730_OR@6_7_DE48.npz,OR
39,1.8248706948544127e-17,1.0,1.0,0.04992907096341035,5.2319003994860775,7.426740738786693,7.426740738794121,10.687848096263394,0.0,168543108040.99213,0.9515375791552609,0.00859535348026215,0.01978566122559795,0.019894023200829107,0.00018738293804974583,0.00058763525390855,0.04681326272813579,0.12503504492271916,0.8262236151008655,0.0013404419943709859,3099.670226903578,./data\source\1730_OR@6_7_FE.npz,OR
40,9.547692765950441e-18,1.0,1.0,0.06543589541714115,7.717221317073838,13.974448620878373,13.97444862089235,20.31168555426846,0.0,167624681209.82956,0.9485563168465678,0.028098124461264553,0.012791414266375077,0.010455794375785114,9.835004739355404e-05,0.0017551160921213005,0.03410748566876634,0.05050507897313549,0.9122814173768816,0.0013509018888773964,1402.1333497279518,./data\source\1750_B_14_DE12.npz,B
41,-1.1100077611610393e-17,1.0,1.0,0.07768763124584788,40.17414868390392,21.66025679957878,21.66025679960044,35.70589859634249,0.0,153512367395.04208,0.9620183681850725,0.022856767797222764,0.0087838599566492,0.005116332622080295,0.0012246714389753022,0.0010425258012248066,0.021313256409872312,0.022159330908099857,0.9504263921721351,0.005058494708668262,2803.174906054665,./data\source\1750_B_14_DE48.npz,B
42,1.842818150924655e-17,1.0,1.0,0.006087102991357522,5.476306192579759,8.747555494693067,8.747555494701816,12.970575706442727,0.0,165968721454.59976,0.9720608185753761,0.013647827376383006,0.01064571242711699,0.003621358154815741,2.4283466308121915e-05,0.00038271781472170045,0.008150823384060462,0.01654501694844262,0.9738240243005192,0.0010974175522560474,2813.891078389577,./data\source\1750_B_14_FE.npz,B
43,5.0286187301257335e-18,1.0,1.0,-0.003051846144387927,0.3351597873985588,7.094301781340501,7.094301781347596,9.00077793049089,0.0,187439755572.3851,0.9447801435434844,0.01638842034434803,0.019321548233175327,0.019255066338398543,0.00025482154059393915,0.0016115969859233166,0.054037223614605,0.08843761473302694,0.8346267529989634,0.021286811667481427,1404.794655138534,./data\source\1750_B_21_DE12.npz,B
44,-1.8842045182990933e-17,1.0,1.0,0.044718880501544614,13.893228976090544,10.728914862371417,10.728914862382146,16.88427905827939,0.0,158184635922.0688,0.9810373203496436,0.010585799422875549,0.006963179726117762,0.0012540319412564743,0.0001596685601064199,9.292232604783076e-05,0.004820897769420873,0.021192060480253336,0.9727821287363626,0.0011119906879150908,1404.0003323864423,./data\source\1750_B_21_DE48.npz,B
45,2.0224862963791135e-17,0.9999999999999998,0.9999999999999998,0.007216213085233609,0.8218097685534294,8.802934371670542,8.802934371679344,11.195048517144132,0.0,185160086259.93268,0.9488603438125305,0.013249896076701616,0.021816509740416056,0.01591005710272408,0.00016319318106491884,0.0023871483042848954,0.06773660186077551,0.09312264780355449,0.832380272384939,0.004373329645979707,1017.9762661450073,./data\source\1750_B_21_FE.npz,B
46,1.6153128340081597e-18,0.9999999999999999,0.9999999999999999,0.018141079859023353,0.7796612681243436,5.143957227394079,5.1439572273992225,6.7732701997369755,0.0,178156177247.04932,0.9685400080232024,0.02818240253443443,0.0028460789051500835,0.00042910462248155396,2.4059147316900395e-06,1.213244726834999e-05,0.0005815097313722792,0.0038166364787484684,0.9950457134342732,0.0005440079083375023,2891.8865304503074,./data\source\1750_B_28_DE12.npz,B
47,-2.5317811500938322e-18,0.9999999999999999,0.9999999999999999,0.007811413693234454,-0.17457065392819482,4.344018971617563,4.344018971621906,5.402426715317538,0.0,188889806432.73468,0.9651725411001295,0.020434607202213517,0.005564970252674862,0.008774762034311103,5.311940983712613e-05,0.0002819525914637711,0.022863961629608184,0.026400343823138297,0.9498914462066486,0.0005622957490990461,3431.8926422952336,./data\source\1750_B_7_DE12.npz,B
48,2.673271009573922e-17,1.0,1.0,0.0021717576975499807,0.0903034107011762,5.340454818230725,5.340454818236066,6.714487274748202,0.0,187503540800.95877,0.9576968559581155,0.02247002659179337,0.011169701680647638,0.007447033375339579,0.0012163823790395,0.00036365017470471573,0.028161665971989266,0.04065425678453448,0.9255254488244595,0.005294978242883569,2859.7628614391006,./data\source\1750_B_7_DE48.npz,B
49,-3.224799335816299e-18,0.9999999999999999,0.9999999999999999,-0.04258958154494577,0.8411982829905527,10.69580869147278,10.695808691483474,13.603720160982487,0.0,185804940187.0641,0.9237645510571904,0.012306033385312672,0.018300623564847233,0.04502483350671553,0.000603958367392418,0.003298496457934125,0.03726807099112598,0.3603000372090177,0.5911306753888677,0.008002719951142049,1084.760801518251,./data\source\1750_B_7_FE.npz,B
50,5.898902292890532e-18,1.0,1.0,-0.03545845424297192,19.620176365533037,12.248744970703521,12.248744970715771,20.47971289993162,0.0,152175866414.78354,0.902239948996802,0.06862082420883256,0.018611295491005417,0.010396365560221178,0.00013156574313872023,0.0007376809860514498,0.01817861797215426,0.03402170562006092,0.94496194692459,0.0021000484971433206,1404.197302130043,./data\source\1750_IR_14_DE12.npz,IR
51,9.426196532583327e-18,0.9999999999999999,0.9999999999999999,0.11532774161535787,17.523982315207675,11.13338968555162,11.133389685562753,19.606870646605348,0.0,147902779821.018,0.9738439738828708,0.014963124336626974,0.008883574961519838,0.001993874371822403,0.00031545244373699287,0.0003340683711637504,0.00956962502173009,0.022764151820019705,0.9655120170143279,0.0018201377726830318,2555.888229688605,./data\source\1750_IR_14_DE48.npz,IR
52,2.0149880774370043e-17,0.9999999999999998,0.9999999999999998,0.018175126504429616,2.0384162742438936,7.736783914058025,7.736783914065761,10.298693211975035,0.0,177581646849.44324,0.948733084304881,0.013766661872448323,0.01343806149738514,0.023724142853203727,0.00033804947208190025,0.005982048636813215,0.08820428305137075,0.06472920274373763,0.8386026063788561,0.0024818591892222584,3200.860313408714,./data\source\1750_IR_14_FE.npz,IR
53,-3.455149443101776e-18,1.0000000000000002,1.0000000000000002,0.10889817662434809,5.11317098955155,8.1483130840917,8.148313084099852,12.24099698783716,0.0,163265887750.03345,0.9746323166694669,0.016464715226592156,0.004676334200366999,0.004214103892949391,1.2530010624587033e-05,0.0007629261799126072,0.016241262798130086,0.010255642975236361,0.9723370644029118,0.00040310364380911516,2811.2506655422976,./data\source\1750_IR_21_DE12.npz,IR
54,-1.841521713459029e-17,1.0,1.0,0.03382663742856746,0.6212699568679629,4.635001027589186,4.635001027593821,6.084913029261391,0.0,184216963255.09845,0.9901169939360898,0.006043345159965359,0.0028642279503055677,0.0009390595071239428,3.6373446515457345e-05,0.00030636123553522105,0.005250286085283797,0.00974504107497842,0.9843834532709664,0.0003148583332364523,2553.116158116906,./data\source\1750_IR_21_DE48.npz,IR
55,-9.935516008411501e-18,1.0,1.0,-0.0058479999135581055,0.8105394556887249,5.238730931637513,5.238730931642753,6.821410484996365,0.0,179880135790.92477,0.9679075191638351,0.011598987877674202,0.008291877125928784,0.012106164986781439,9.545084578056229e-05,0.002842907889053469,0.01364402892827501,0.05687487074029114,0.9243316943121024,0.002306498130277904,3278.5161674270976,./data\source\1750_IR_21_FE.npz,IR
56,9.921925900612642e-18,1.0,1.0,0.14405683541486505,0.3065315048212991,5.432339051229539,5.432339051234972,6.889008584632128,0.0,185058343627.18143,0.9190413890860682,0.021358759858393916,0.03399123881836199,0.025344981155502704,0.0002636310816731809,0.0008891723720068226,0.2686358210750998,0.2143849317132209,0.5160120949056987,7.797993397375387e-05,624.7655306038572,./data\source\1750_IR_28_DE12.npz,IR
57,-5.508573663152919e-18,1.0,1.0,0.027359393347022535,2.656423467111085,5.6447600436109475,5.644760043616593,7.925992296325784,0.0,172530394463.01596,0.9054791378549836,0.0392137347220732,0.03858241684165655,0.016490266010138414,0.00023444457114823702,0.00018209742691969362,0.03440061182859172,0.1650154110404201,0.7993936584211182,0.0010082212829501174,2861.8589113774806,./data\source\1750_IR_7_DE12.npz,IR
58,-8.375314939197567e-18,1.0,1.0,-0.11462770856072958,4.7159591918873405,6.143207134477506,6.143207134483649,8.934687663417465,0.0,166006757785.242,0.8769860740724654,0.02665969144424312,0.07415824962961406,0.019299455875816832,0.002896528777097065,0.00024213214207104155,0.03975754839986167,0.1794065075608953,0.7649947751554577,0.015599036741225609,1444.5178865957091,./data\source\1750_IR_7_DE48.npz,IR
59,-1.1822599119471357e-17,1.0,1.0,-0.1423259384782967,0.9568859221047217,7.069876113935162,7.069876113942232,9.169876913887629,0.0,181819395775.1647,0.9328979069382919,0.015191770261015331,0.03133087131873906,0.02026110287122676,0.0003183486107269023,0.001042129817348055,0.03712037055201464,0.19391677737533233,0.7617800096821086,0.006140712573196516,1038.6059461747882,./data\source\1750_IR_7_FE.npz,IR
60,-1.5504474455260857e-18,1.0,1.0,-0.4067505615983321,-0.15712336532266136,5.759694080556063,5.759694080561823,7.13284749017241,0.0,3008387928648.867,0.9316879719136252,0.010961501994793442,0.05508353156303013,0.0022181869708181342,4.880755266941669e-05,0.0015884378879517794,0.17043697852372658,0.48255426712844934,0.34523457049171125,0.00018574596799690447,2101.97742253201,./data\source\1750_Normal.npz,N
61,3.837772803256226e-18,1.0,1.0,-0.33533248232893365,31.64589730701903,12.525738913016859,12.525738913029386,28.311751812366413,0.0,132853549418.83821,0.9190199185486121,0.056976042212938005,0.010325300803358865,0.013481905456187052,0.00019683297890402615,0.0007066303178544409,0.03080575215835551,0.030820012897558636,0.9373194641879311,0.0003481404383005485,581.2439074327029,./data\source\1750_OR@12_21_DE12.npz,OR
62,1.5602975371962862e-18,1.0,1.0,0.16210072514093143,19.82783542628203,10.834623234122827,10.834623234133662,21.541484471842082,0.0,138175000717.22095,0.9756430776595489,0.013513472182994889,0.004809126436606207,0.005913991015753812,0.00012033270411909894,0.00042036623089811853,0.018977169377956862,0.012568642284574888,0.9673368298670851,0.0006969922394736473,2776.345305297409,./data\source\1750_OR@12_21_DE48.npz,OR
63,9.446069741507635e-18,1.0,1.0,-0.012525039922629955,5.708399561341281,8.576797615069397,8.576797615077975,13.062669371618036,0.0,162887221381.5122,0.9560522538173534,0.03262105404733934,0.005762667128848967,0.00552842454847115,3.560045798703461e-05,0.0002026222300842818,0.007601230718018605,0.020963416884721104,0.970672471825612,0.0005602583415639743,3328.526786125005,./data\source\1750_OR@12_7_DE12.npz,OR
64,5.055364171022015e-18,1.0,1.0,0.038444578312036334,8.796453962428249,8.210701565385175,8.210701565393387,12.403390791552031,0.0,159984019480.97546,0.9529528894380164,0.035602529538628316,0.008001292332595071,0.003017986166842644,0.00042530252224129574,0.00021353532286690755,0.009001059633534685,0.025997202083697966,0.9628207615751807,0.0019674413847196844,2516.0761725054,./data\source\1750_OR@12_7_DE48.npz,OR
65,2.2071473434615416e-17,1.0,1.0,-0.01703024676320603,0.07933448527807307,6.1771233372585765,6.177123337264754,7.760400184865979,0.0,187359614040.90173,0.9310760937783161,0.007296218120214615,0.028529761772667098,0.03270665482061644,0.00039127146851496223,0.0010024080053023293,0.024189579614359896,0.4656018249934429,0.5070643325632822,0.00214185482361248,1078.7469499420797,./data\source\1750_OR@12_7_FE.npz,OR
66,-1.3868152366963961e-18,1.0,1.0,0.013688070376900388,1.9240012794574093,5.218421781520035,5.218421781525254,7.2952401858243245,0.0,169761828104.53876,0.9822011161097294,0.0041645921151283564,0.006802435712268757,0.00679626511225124,3.559095062221705e-05,0.00021592151342971264,0.007079596980017605,0.021301224199400597,0.9671145640990148,0.004288693208137256,3230.212259472327,./data\source\1750_OR@3_14_FE.npz,OR
67,2.1201905094548856e-17,1.0,1.0,0.09989646434156038,3.9458173252840054,8.587349115247013,8.587349115255602,12.243173815222544,0.0,171130296092.52414,0.9155714738060403,0.02100039757203866,0.024940640084638494,0.037988574627067034,0.000498913910215464,0.016538318873124038,0.22758241660490539,0.11096369891081546,0.64074481582111,0.004170749790044953,627.6684157101106,./data\source\1750_OR@3_21_DE12.npz,OR
68,-9.88435157140508e-18,1.0000000000000002,1.0000000000000002,0.009921765646270543,4.1894205917091085,6.823378250539203,6.823378250546028,10.020410176774647,0.0,166237653048.25134,0.9428480098023605,0.022412638740751653,0.02466072915593502,0.009901657449618273,0.00017696485133447998,0.002565302756154783,0.03483529516911493,0.09030603214723634,0.8700224429887455,0.002270926938748129,2719.561249896129,./data\source\1750_OR@3_21_DE48.npz,OR
69,1.6134590532162164e-17,0.9999999999999999,0.9999999999999999,-0.02803164541871084,0.3512525948345182,5.665444340979035,5.6654443409847,7.1879432612834755,0.0,182732265977.9061,0.9437749224102151,0.0167702212222231,0.01709236978048502,0.022126622041647784,0.00023586454542879636,0.0009037221523933022,0.04136196982596219,0.11472412664307781,0.8348264422931475,0.008183739085419247,3497.2112197882143,./data\source\1750_OR@3_21_FE.npz,OR
70,-1.2472584193968749e-17,1.0,1.0,0.05190902434116214,0.9364005268118842,4.2190905928064035,4.219090592810623,5.484442843963797,0.0,181754908750.56848,0.9922581749003022,0.005141910790231628,0.0022810613860782558,0.0003181607876420589,6.921357113231056e-07,4.8917521641596176e-05,0.0013307991989289802,0.01045812797982398,0.9878471263233567,0.00031502897548221244,2671.6520129569644,./data\source\1750_OR@3_7_DE12.npz,OR
71,-1.6993412509289002e-17,1.0,1.0,0.044280605217666164,1.3910366132280174,4.749499049637763,4.749499049642513,6.398570373187011,0.0,176022811699.02737,0.9514515562409862,0.0368054331388155,0.008958013630548765,0.0025090643798298196,0.0002759325943998619,0.00016682154980938405,0.005372075410463459,0.02500798253010264,0.967570253425467,0.0018828670836797809,2566.0330736775777,./data\source\1750_OR@3_7_DE48.npz,OR
72,1.526782069598212e-17,0.9999999999999998,0.9999999999999998,0.009050032515916857,0.15505304571369738,5.3312217671816216,5.331221767186952,6.728087124304242,0.0,187507986383.2243,0.9343296964506056,0.012513377652295475,0.023388642473013466,0.029457426513159735,0.0003108569109257342,0.0017375255198737937,0.040703905211304216,0.24679959404428192,0.708520676006443,0.002238299218097128,1046.6112122852783,./data\source\1750_OR@3_7_FE.npz,OR
73,-3.7563816176506807e-17,1.0,1.0,-0.00024313203155360363,0.03763894477352503,5.047574715092411,5.0475747150974595,6.339829367819319,0.0,188143815992.2502,0.9463542981953602,0.01796857499413642,0.013467721799035964,0.021863420436542845,0.0003459845749245059,0.0010372015772469355,0.07517645745974064,0.019132941593712004,0.8627554016788685,0.04189799769043185,3483.3114307081983,./data\source\1750_OR@6_14_DE12.npz,OR
74,-2.9797885700492285e-17,1.0,1.0,0.002041875773660959,3.18304698886462,13.048678991508002,13.04867899152105,16.73512468428495,0.0,184338494177.01694,0.9617875299536911,0.025140821276241936,0.006250155500393324,0.0056679642085126014,0.001153529051628771,0.0005816286762987594,0.02553725748619928,0.011833435707020962,0.9569141818103636,0.005133496316743507,3325.658786698548,./data\source\1750_OR@6_14_DE48.npz,OR
75,1.1249212235417109e-18,1.0,1.0,0.01913641473936882,20.33846987312473,12.610951810703439,12.61095181071605,26.079817020653373,0.0,136954213388.06436,0.9291527613791686,0.05107764889477735,0.007831342873471753,0.01182044184564897,0.00011780500693324924,0.00044497528870565835,0.02952520300459379,0.023816643604815012,0.945570921195756,0.0006422569061295162,3498.790185320915,./data\source\1750_OR@6_21_DE12.npz,OR
76,1.6941216360515437e-18,1.0,1.0,-0.26516201048333143,18.568649096340312,11.825147970562846,11.825147970574672,23.298914845882248,0.0,139443427615.614,0.924187691146842,0.053724593528968446,0.011567303619080684,0.010048739325520544,0.0004716723792873359,0.0007892242157575046,0.030879147516380698,0.025503823270360524,0.9389785437504109,0.0038492612462518957,2764.9196151363317,./data\source\1750_OR@6_21_DE48.npz,OR
77,-1.2657694676601117e-17,1.0,1.0,-0.010379177296522435,4.871452482995487,5.62729347280226,5.627293472807888,9.190851029439157,0.0,153283122107.75168,0.9184918865054016,0.0722208601168933,0.0066369237681050885,0.0026252117365932696,2.5117856543680398e-05,4.363253797583835e-05,0.004042865061499567,0.007036860948477892,0.9775225481593317,0.011354093291554004,3357.4499629355078,./data\source\1750_OR@6_7_DE12.npz,OR
78,-2.996756506432683e-18,1.0,1.0,0.0669898060451754,3.932807058139241,5.30781859474013,5.307818594745439,8.419448454190228,0.0,157079739150.94962,0.9209557827926717,0.07620685155271952,0.002032288813458173,0.0007194309968092898,8.564582507913152e-05,6.843154489721178e-05,0.0006591672530656041,0.0023601992491497073,0.9959092691857805,0.00100293276442949,2832.844430201888,./data\source\1750_OR@6_7_DE48.npz,OR
79,-7.845074384736571e-18,1.0,1.0,0.04609863231422397,5.21083525620835,7.2559016461931005,7.255901646200357,10.547188020037254,0.0,165255838629.41245,0.9545699191084515,0.00895435779511637,0.017305257386762682,0.018995345706899976,0.00017512000276959542,0.0007810749473468543,0.058362386942967664,0.08787646883832193,0.8515405799142907,0.0014394893570731375,3139.6375903316157,./data\source\1750_OR@6_7_FE.npz,OR
80,4.679560597015053e-18,0.9999999999999999,0.9999999999999999,-0.0036030290434609902,7.3927222726772195,10.40835573845197,10.408355738462378,15.50469932294916,0.0,165051537592.60562,0.953658541858413,0.03171092967320105,0.006179986531137852,0.008385789998705654,6.4751938542443e-05,0.000859348088403109,0.023124073396725158,0.022767324063561977,0.9523789493520185,0.00087030509929098,960.6012969149144,./data\source\1772_B_14_DE12.npz,B
81,1.4796123604444473e-18,0.9999999999999998,0.9999999999999998,0.061966998703732006,18.515320746489262,18.272338689917575,18.272338689935847,28.023227956797285,0.0,160211208259.4875,0.9616639418495039,0.019760017564549932,0.009837066444046501,0.007558294598917368,0.0011806795162706567,0.001825291050948892,0.03298496996195374,0.025337727866133596,0.9347611702280071,0.005090840892714563,1059.2626870276106,./data\source\1772_B_14_DE48.npz,B
82,9.492430119598423e-18,1.0000000000000002,1.0000000000000002,0.01258123396849195,10.998911357926085,12.833094535749863,12.8330945357627,18.63629782076741,0.0,166971367836.97607,0.9615677194008483,0.0154452978199649,0.016186169232257467,0.006743217167165317,5.759637975878379e-05,0.0010653652749942476,0.01825625145496245,0.023310315112155103,0.9553682330413231,0.0019998351165432158,2845.932023759643,./data\source\1772_B_14_FE.npz,B
83,-1.2126600986304308e-17,1.0,1.0,0.001478764704551118,6.631569510978924,11.631626024341063,11.631626024352697,15.91003241687724,0.0,174772749329.83984,0.9586377424348171,0.02153157489313139,0.009621228204033423,0.010118782396313865,9.067193113294477e-05,0.0013020260875451913,0.027910561897531425,0.019358940213848038,0.9436165953562261,0.007811876443951894,3385.313185594202,./data\source\1772_B_21_DE12.npz,B
84,-1.0837585173948332e-18,1.0,1.0,0.015137409922399772,7.109143134582665,12.745016032827921,12.745016032840667,17.34605095559064,0.0,175506746448.4842,0.9803579219075922,0.010771386895228422,0.006958808812701958,0.0016842916309403504,0.00022759073286170473,0.0002552112750846268,0.00791372560644107,0.019245784292296564,0.9711117119522715,0.0014735668739060564,2586.6344565780064,./data\source\1772_B_21_DE48.npz,B
85,9.996031571239624e-18,1.0,1.0,0.011763987629781002,1.6689540907284672,9.258088609958197,9.258088609967455,11.920701212657633,0.0,182645131006.1536,0.9553574925543351,0.013880625229622226,0.01579299017306233,0.014842601041123322,0.00012629100185710754,0.0026602311743392218,0.06552728876181982,0.05029447609560082,0.8785455183262323,0.0029724856420078843,2846.8462900529353,./data\source\1772_B_21_FE.npz,B
86,3.455519974791512e-18,0.9999999999999999,0.9999999999999999,0.023858863805512717,0.9069227972464549,5.713741032520397,5.7137410325261095,7.563963117872775,0.0,178426582184.0957,0.9685281635434617,0.027518464526715077,0.003482275229705072,0.00046796475689780086,3.131943220298766e-06,1.0409052585735554e-05,0.0005970369158119406,0.004312313037005855,0.9945289657128733,0.0005512752817230703,2791.2720215820004,./data\source\1772_B_28_DE12.npz,B
87,2.9036707694946796e-17,0.9999999999999999,0.9999999999999999,-0.001844803078176544,-0.047574517222802815,5.200967268311045,5.200967268316245,6.498397603515841,0.0,187655733967.97754,0.9630339907670401,0.023904011207005436,0.005319576163232884,0.007699751517438151,4.267034436601005e-05,0.0003180864378746285,0.01940372448984217,0.022913836417166857,0.9569145187147197,0.000449833939805756,3477.9342723004697,./data\source\1772_B_7_DE12.npz,B
88,-1.652130002698349e-17,0.9999999999999998,0.9999999999999998,0.002399409515372614,0.07378028448467067,4.6814360094307,4.681436009435381,5.890198872609335,0.0,187831962543.33716,0.9575419604652355,0.024839206120647873,0.009209358214665895,0.0075016874486768135,0.0009077877507737026,0.0003380942805428267,0.025784306699186226,0.03259750024266299,0.9371198789497821,0.004160219827825787,2761.7127750266986,./data\source\1772_B_7_DE48.npz,B
89,5.5170642766407686e-18,1.0,1.0,-0.022131981479976796,1.5782075749537392,11.299098474854434,11.299098474865733,14.485967836069346,0.0,181591492593.14554,0.9246196708058884,0.016604981621557692,0.018045092818452527,0.04014599108216403,0.0005842636719374252,0.0038031640085048834,0.038498586505475295,0.2717577452872715,0.6749873320352983,0.010953172163450006,1096.1829786177266,./data\source\1772_B_7_FE.npz,B
90,-7.992766591479108e-18,0.9999999999999999,0.9999999999999999,-0.06328448174439563,19.740361283260906,12.652266563041938,12.652266563054589,21.472939065916645,0.0,150780914926.78415,0.9010477994045328,0.07043436767245066,0.02080108995980641,0.00760810303416173,0.00010863992904829762,0.0007836207041851237,0.014873384188103222,0.013066937166408816,0.9687375906057275,0.0025384673355753657,2589.5612191196064,./data\source\1772_IR_14_DE12.npz,IR
91,1.2246754999557294e-17,1.0,1.0,0.11566936029438304,16.64998505715468,11.040165272653487,11.04016527266453,19.46937945993846,0.0,90553432972.7749,0.9816752329008975,0.010718548894207997,0.005761041172540215,0.001599264476211738,0.0002459125442784778,0.0003464956910286305,0.008588066140919993,0.010514468117193778,0.9789953776249677,0.0015555924225058749,2588.0892715460695,./data\source\1772_IR_14_DE48.npz,IR
92,1.455764729650054e-17,0.9999999999999999,0.9999999999999999,0.0203740052271339,1.6286059086968332,9.266467802417473,9.266467802426739,12.190106905350467,0.0,179274350250.2624,0.9565087701607524,0.01304424898788107,0.010078589389872208,0.020128485645614872,0.00023990581587953727,0.006536816265476396,0.059219115819151104,0.056942320157271575,0.875224872065426,0.0020768756926750425,3237.250581731319,./data\source\1772_IR_14_FE.npz,IR
93,-4.5210377680247e-19,1.0,1.0,0.11630025621013465,4.595374803004443,8.266044815081207,8.266044815089474,12.231774929391882,0.0,164280613153.5627,0.9714575250836415,0.018770216699844376,0.005171364495002668,0.0045827778572264475,1.8115857901740084e-05,0.0012578119961036917,0.017019576480736574,0.012095870432533814,0.9691555292194773,0.00047121187112312147,2846.385932438686,./data\source\1772_IR_21_DE12.npz,IR
94,8.56933312758025e-19,0.9999999999999999,0.9999999999999999,0.018319083411742862,0.8739091382776683,5.6323911773840445,5.632391177389676,7.328700695836656,0.0,180800938667.80475,0.9849784796274321,0.009069586769856041,0.00410317118999433,0.0017952498199724392,5.3512592744914104e-05,0.0007367869763948971,0.008574952789508657,0.01646237731045642,0.9737832363674416,0.00044264655619858365,2585.6216911582796,./data\source\1772_IR_21_DE48.npz,IR
95,1.48105328608832e-17,1.0000000000000002,1.0000000000000002,-0.013515184852541393,1.0238565837240041,5.281084799782968,5.281084799788251,6.934092643475099,0.0,179167676053.1961,0.9711392280273732,0.010961069042591667,0.0071511928716537585,0.010672050947076399,7.645911130511237e-05,0.0025697175524399575,0.01228722143878649,0.04722916492803869,0.9359459631476716,0.0019679329330632486,3315.030252386921,./data\source\1772_IR_21_FE.npz,IR
96,-1.6805519305519007e-17,1.0,1.0,0.09089218104992851,0.21186414880158733,4.831593669908837,4.831593669913668,6.109878539951003,0.0,185353379480.18338,0.9241278258563269,0.018994719878316947,0.03317831236381394,0.023468672851503676,0.00023046905003851903,0.00011947608504619718,0.1905481043150987,0.19675965985666866,0.612441622219342,0.00013113752384468597,632.8742316974812,./data\source\1772_IR_28_DE12.npz,IR
97,-2.042228821541587e-18,1.0,1.0,0.08448986724608266,2.669206211753036,5.526126330340424,5.52612633034595,7.797739451067956,0.0,172073248116.19064,0.9080648186148437,0.033104026978143866,0.043799997929109775,0.014831787877148329,0.0001993685819691204,0.0002880892012495058,0.03341259003318196,0.15786594126079104,0.8071750400120433,0.001258339492730684,3539.1718668347116,./data\source\1772_IR_7_DE12.npz,IR
98,1.1376575038083973e-17,1.0,1.0,-0.053352284622628816,4.4835962124087665,5.996318160929934,5.996318160935931,8.82271842765957,0.0,164877799576.33313,0.8805415244786047,0.027585238368125552,0.07166252308289024,0.01769583478054895,0.0025148792594999456,0.00032032585429704103,0.037453308101770166,0.1660224650622284,0.7822176565626945,0.0139862444189928,2580.237544346753,./data\source\1772_IR_7_DE48.npz,IR
99,-1.4981696411754938e-17,0.9999999999999998,0.9999999999999998,-0.16823479422106816,0.9825113429830816,5.569666124511178,5.569666124516747,7.223568028031121,0.0,181790857561.78348,0.9294239090713515,0.018480745850062246,0.034371700716524047,0.017422007891864103,0.0003016364701979918,0.0009870141683246908,0.03673830374060368,0.1790575722188689,0.7775322702945557,0.0056848395776470766,1050.7689978152243,./data\source\1772_IR_7_FE.npz,IR
100,1.6133581129201722e-17,1.0,1.0,-0.46977891380053594,-0.0788290125827742,6.9861392555823025,6.986139255589289,8.681356564720561,0.0,2981688107015.53,0.9460446098868776,0.008920146406545383,0.04318953045198824,0.001809776984235249,3.5936270353728726e-05,0.001420509729378041,0.16220383964748253,0.6025187728039039,0.23365849656080576,0.00019838125842998127,1065.7838451094538,./data\source\1772_Normal.npz,N
101,6.043704963285534e-18,1.0,1.0,-0.3206095871025288,31.151103844909315,12.39723975010502,12.39723975011742,28.263665078310336,0.0,131772876440.18147,0.9194873257054876,0.05737870878530307,0.009606930461030094,0.013323941981835468,0.00020309306634381898,0.0006367944601395086,0.02933675692273199,0.028391607913230046,0.9413476301872071,0.0002872105166910968,3317.621833552853,./data\source\1772_OR@12_21_DE12.npz,OR
102,2.990734984120582e-18,1.0000000000000002,1.0000000000000002,0.1467871229607968,20.079932360924698,9.425119664646246,9.425119664655675,19.893904544443572,0.0,134147766504.16556,0.982501760534729,0.009150598477418547,0.003497452713540293,0.004779043502992593,7.114476396994827e-05,0.0003519516922775035,0.01538987400267148,0.009649294509498538,0.9740932518410411,0.0005156279544594116,2757.439457041493,./data\source\1772_OR@12_21_DE48.npz,OR
103,4.892612363907118e-18,1.0,1.0,-0.009346970678188073,5.074512942852312,8.364951737064722,8.364951737073087,12.262876285205918,0.0,166591858006.37155,0.9600286276279916,0.029983171489252905,0.004991776203197158,0.004967199254746649,2.9225424616815415e-05,0.00017542780451404937,0.010052619476600647,0.013339167819430646,0.975786159894285,0.0006466250022134125,3310.6636746487966,./data\source\1772_OR@12_7_DE12.npz,OR
104,-1.0950855641429884e-17,1.0000000000000002,1.0000000000000002,0.04151899151038569,9.621755287137749,8.862850487622831,8.862850487631697,13.488516768484487,0.0,158762916343.6,0.9535687018541452,0.037691632232818205,0.005983860919523056,0.002420945021161995,0.00033485997235145,0.00019021649624916974,0.006891086240079558,0.01655676495614333,0.9747750168359178,0.0015869154716102846,2549.2374808904133,./data\source\1772_OR@12_7_DE48.npz,OR
105,-2.4537338371563233e-17,1.0,1.0,-0.009792111211337513,0.6409948196126094,10.234509096601476,10.234509096611712,12.94546169325889,0.0,183915320829.69263,0.9313679572648345,0.01012099557447004,0.0287576147450657,0.029393878079655437,0.000359554335974143,0.0013247184033173224,0.029799692540279497,0.33866410849477135,0.6280030331813017,0.0022084473803302175,1092.5411624677643,./data\source\1772_OR@12_7_FE.npz,OR
106,-2.3309821577633542e-18,1.0,1.0,0.018147721642991,1.0036169450502013,5.975429081424092,5.975429081430067,7.777424128999911,0.0,180403709757.07764,0.946618018690757,0.01668611273083794,0.019713992946827113,0.016784507054512874,0.00019736857706500167,0.0026247758569770126,0.03483436051759726,0.06592867763508048,0.8865787972149646,0.010033388775380845,3221.9364622502826,./data\source\1772_OR@3_14_FE.npz,OR
107,-3.998454691373869e-18,0.9999999999999999,0.9999999999999999,0.09739343830737135,4.143750523224634,8.347807552584182,8.34780755259253,11.96331628127918,0.0,169648780687.29147,0.9138008800147609,0.020940156830533515,0.025465554503606647,0.03927033477493141,0.0005230738648506207,0.019302392268990193,0.22453123081647006,0.10717397890740671,0.6447071306656673,0.004285267341297519,636.3407211582798,./data\source\1772_OR@3_21_DE12.npz,OR
108,3.913513207151133e-18,1.0,1.0,0.05361426846918691,4.284142462600978,7.511895450918888,7.5118954509264,11.040177463860765,0.0,167679202183.45435,0.9388145291952884,0.024978683310758268,0.025795239734849408,0.010250925123079053,0.00016062263602478242,0.002695980603414976,0.02779581885288052,0.09016273857076662,0.8770848155354001,0.0022606464375377745,2710.69317242013,./data\source\1772_OR@3_21_DE48.npz,OR
109,4.354655017836682e-18,1.0,1.0,-0.0035410203220015935,0.44109412647490087,4.971712267879929,4.971712267884901,6.361265715128211,0.0,181418291954.50034,0.9443761174779908,0.016101250189163387,0.019462591474113593,0.01986166272718496,0.0001983781315472218,0.0008240073165327057,0.03893037229624589,0.11835429392171566,0.8367392180237697,0.005152108441736043,2899.0878170410947,./data\source\1772_OR@3_21_FE.npz,OR
110,-3.0773791479778314e-17,1.0,1.0,0.051396780408424644,1.0495500604771903,4.230888904463183,4.230888904467414,5.54439748814444,0.0,181405158337.60306,0.9918728121524406,0.005607335636242144,0.002215196629219748,0.0003041547963933085,5.007857043763456e-07,4.5147596559706494e-05,0.0014209043106105468,0.009682698535171681,0.988551248688381,0.0003000008692773997,2707.1521560492793,./data\source\1772_OR@3_7_DE12.npz,OR
111,2.1029198426704546e-17,1.0,1.0,0.04868246271843476,1.119619251251713,4.922461294601885,4.9224612946068085,6.487905075474912,0.0,178792120920.12338,0.9519641908335139,0.03640247807896904,0.009022167591144003,0.002355392888026061,0.0002557706083467748,0.000147834155349809,0.004821592086321321,0.020359769163024177,0.9729533180129863,0.0017174865823184466,2871.9014398100044,./data\source\1772_OR@3_7_DE48.npz,OR
112,-5.57731462040312e-18,0.9999999999999999,0.9999999999999999,0.005824597555607988,0.22175677371562985,5.039135174609172,5.039135174614211,6.36584074743723,0.0,185127720149.02255,0.9367764821421635,0.01202964667491512,0.026375510751632296,0.02454612939820058,0.0002722310330884098,0.0017093654913292078,0.03665923035923425,0.22633901138125828,0.7327492164234283,0.002543176344750067,1061.6653513454962,./data\source\1772_OR@3_7_FE.npz,OR
113,-8.944614660961175e-19,1.0,1.0,0.0007493879400709945,-0.050664503381538495,4.614882908259415,4.61488290826403,5.769579600010769,0.0,189810546821.7815,0.9482487915620332,0.017838465531072857,0.015542581926840514,0.018090721176856412,0.00027943980319696047,0.0012725956591225459,0.054959579767226735,0.019904325154338806,0.8701919780685096,0.0536715213508022,3371.291019846728,./data\source\1772_OR@6_14_DE12.npz,OR
114,-5.802230000301138e-18,1.0,1.0,0.001407998271793054,0.7201576122494315,10.279819585880965,10.279819585891246,13.034025842975332,0.0,184398456817.24405,0.9598719696685956,0.02763323869544632,0.006568030817515333,0.005061607979810821,0.0008651528386317292,0.0005671378726636775,0.02182800282083558,0.0124761359113573,0.9609186104519195,0.004210112943223738,3370.418187616296,./data\source\1772_OR@6_14_DE48.npz,OR
115,-3.9254204387318405e-18,1.0,1.0,0.018074976216205383,19.375374762913417,12.606013571091376,12.606013571103983,25.71135389356811,0.0,137160298816.72632,0.923464528841957,0.05485298945425984,0.009139336230200456,0.012400372642747398,0.00014277269453163814,0.0005266147537832609,0.0351125099001326,0.021963136289601493,0.9418752880917849,0.0005224509646795972,3393.390919430697,./data\source\1772_OR@6_21_DE12.npz,OR
116,-6.30689371700433e-18,0.9999999999999999,0.9999999999999999,-0.26276794771979245,18.08344948056239,12.50753071107258,12.507530711085085,24.811949763141122,0.0,139661601735.77576,0.9226852409770971,0.054723019168388704,0.012076116290918797,0.01006558376077941,0.00045003978613393286,0.0008621513495406866,0.03231648006187547,0.0220053337255112,0.9411967234393399,0.003619311423505883,2803.1059481605967,./data\source\1772_OR@6_21_DE48.npz,OR
117,-4.6426209857514125e-18,0.9999999999999999,0.9999999999999999,0.0024645610476907247,4.6160558917550585,5.34991867780019,5.349918677805539,8.647304279686326,0.0,156902157233.75366,0.9140890294281472,0.07731198755782503,0.006301125604575829,0.0022784236447591266,1.943376469271059e-05,4.317481936231054e-05,0.002298711385871203,0.007151335267783097,0.9793050016467295,0.011201776880253906,3401.427389959261,./data\source\1772_OR@6_7_DE12.npz,OR
118,7.948930842861852e-18,1.0,1.0,0.06263648451936842,3.8613133784953377,5.02562615894071,5.0256261589457365,7.892040588544456,0.0,158124979862.63766,0.9184611910227851,0.07891812018242872,0.0018188975338196797,0.0007273913587610926,7.43998938829388e-05,2.909548750433828e-05,0.0005617455204778194,0.0019198459943737805,0.9964716393245239,0.0010176736729127574,3401.4839647989743,./data\source\1772_OR@6_7_DE48.npz,OR
119,1.3458577508831743e-17,1.0,1.0,0.053149107541256804,5.107658785081055,6.801238827283955,6.8012388272907565,9.872840217425518,0.0,166427007395.96112,0.9555181794202905,0.009812300191662524,0.017638917543503017,0.01687133274962295,0.00015927008406457465,0.0010928889263535798,0.06316441791118267,0.06436483251622599,0.8697290654545065,0.0016487951908017385,3145.85274642542,./data\source\1772_OR@6_7_FE.npz,OR
120,-9.08616831397967e-18,1.0,1.0,0.10373278158543985,16.20925127808273,15.083781947476213,15.083781947491298,23.348193226648153,0.0,159949162896.9102,0.9452198396111098,0.028879015196511378,0.012894221453810079,0.012864655912557683,0.00014226782601103787,0.0019552163216476994,0.04869424837100203,0.05011666925159677,0.8984186974723157,0.0008151685834377441,1436.9927644395748,./data\source\1797_B_14_DE12.npz,B
121,5.724301305789257e-18,1.0,1.0,0.017919502114406956,8.087429771828086,9.891713175137369,9.891713175147261,14.368813413696376,0.0,43720589230.783104,0.9477043650715345,0.024783099662509214,0.018158266913725723,0.008689400680102783,0.0006648676721279276,0.0012004553377233846,0.042660335719661685,0.07293905067899437,0.8802855784815263,0.0029145797820944023,1436.838492937904,./data\source\1797_B_14_DE48.npz,B
122,-2.3112723410521038e-17,1.0,1.0,-0.001124116317633615,9.516908643188042,11.4146600631098,11.414660063121215,16.87973233706822,0.0,165787439407.49905,0.9547009318519293,0.014933994043936714,0.02258259655928865,0.007693043189595431,8.943435525006396e-05,0.001279377968751617,0.02232772519488907,0.048126980621956784,0.9266962521812784,0.001569664033124262,2879.5409797796433,./data\source\1797_B_14_FE.npz,B
123,8.340921189584957e-18,1.0,1.0,0.00302436386589679,5.943376205037918,12.944372410475955,12.944372410488901,17.509435494949514,0.0,177187300589.44498,0.9541804164665951,0.02108802822016577,0.013829500967650017,0.010784460697681535,0.00011759364009875552,0.0008188727893392953,0.035546632264594646,0.03306784234720349,0.927823851740878,0.002742800857884231,3207.9677845747133,./data\source\1797_B_21_DE12.npz,B
124,-3.588464517752188e-17,0.9999999999999999,0.9999999999999999,0.006153541624362049,0.22292265804588762,6.068784746309294,6.068784746315362,7.651515233326076,0.0,46970051309.55485,0.9760419352059684,0.009544804485018417,0.010772000884078694,0.0034483075694274356,0.0001929518555070958,0.0003911163925048598,0.020566235733247985,0.02940053798589709,0.94837049136015,0.001271618528200203,2580.6451612903224,./data\source\1797_B_21_DE48.npz,B
125,1.8507205075471933e-17,1.0000000000000002,1.0000000000000002,-0.01953966056111331,0.5440664669912039,7.725653378967127,7.725653378974855,9.818823025909929,0.0,184744557565.40176,0.9439032583781497,0.01878322396198672,0.02374707850185108,0.01343322564328556,0.00013321351472686158,0.0011601908952729174,0.09867306581433416,0.0700370743440658,0.8285373981088415,0.0015922708374856715,973.4396776296883,./data\source\1797_B_21_FE.npz,B
126,-1.388364675913273e-17,1.0,1.0,0.02880199515819547,0.8903597117187623,5.4600295419851665,5.460029541990627,7.234286085120313,0.0,176705972352.5783,0.9670905955447762,0.029014460687173796,0.0034235502499040168,0.00046793756544312795,3.4559527029066228e-06,5.9677415756575e-06,0.0005487989121423763,0.004460636102035121,0.9944113559536824,0.0005732412905644431,2823.3541113070255,./data\source\1797_B_28_DE12.npz,B
127,1.1192717621046625e-17,1.0,1.0,-0.0005508293969320435,-0.006508224113361383,4.556177332864327,4.5561773328688835,5.709851830328182,0.0,190749520437.444,0.9601026765597732,0.02180632271969425,0.008332831702408686,0.00968644015055705,7.17288668406829e-05,0.0005262916256726743,0.029848716626631168,0.03473301272955628,0.934446046175907,0.0004459328422168391,1436.7183102038819,./data\source\1797_B_7_DE12.npz,B
128,6.260144536989115e-18,1.0,1.0,0.0030834744954468677,0.1572415668994327,4.840622691081837,4.840622691086678,6.109857696392986,0.0,47237413670.11111,0.9551873746795332,0.025738647995618334,0.011451240666820914,0.007184204975515461,0.0004385316555427674,0.0003720163046654291,0.024120659278546223,0.03982257504831731,0.933484239547005,0.0022005098194607525,2859.720519735229,./data\source\1797_B_7_DE48.npz,B
129,-1.6995141433857757e-17,1.0,1.0,-0.0027854875119335603,1.1368283884935866,10.323061640626317,10.323061640636642,13.24871880630308,0.0,182570754995.09818,0.9349731899918584,0.020347052475797135,0.01981856529321184,0.024546238960676734,0.0003149532784559025,0.001736822362823453,0.04980409072920279,0.13536830321595078,0.8099272738283659,0.003163509863656715,1437.5067700354364,./data\source\1797_B_7_FE.npz,B
130,1.9503553225103776e-18,1.0,1.0,-0.14899181906789413,20.284543223213657,10.764838658081748,10.764838658092515,19.011783625355417,0.0,147296294162.01788,0.8957066720414852,0.06024154422165289,0.03474524685359231,0.009165997528223844,0.00014053935504545172,0.0005698623875626135,0.021570403624119595,0.017072785677716067,0.9582206977860732,0.0025662505245285408,2622.159711685538,./data\source\1797_IR_14_DE12.npz,IR
131,-8.458643182489553e-18,1.0,1.0,-0.00019377739095918114,8.980053963670462,8.021752190577294,8.021752190585316,12.38643180997408,0.0,2745369403.9836164,0.9543215917202417,0.033727264091209505,0.007620079185177797,0.004016934136292823,0.00031413077669390844,0.0009085071764743295,0.01722625752240277,0.008389450144028658,0.9710784694768454,0.002397315668730702,2806.0010346611484,./data\source\1797_IR_14_DE48.npz,IR
132,4.413404384006951e-18,1.0,1.0,0.0027615306530381955,0.8390340890410113,6.419519984298556,6.4195199843049755,8.339538608128935,0.0,181128953039.81985,0.9615436743742951,0.010885762468315848,0.010291518835248441,0.017083219235695533,0.00019582508644507167,0.001171767431418498,0.058997126055258246,0.046151069488696586,0.8920629974968667,0.0016170395277600598,3276.5085614163036,./data\source\1797_IR_14_FE.npz,IR
133,9.173684060815058e-18,1.0,1.0,0.1392497909786481,4.3982826925274,7.311500859206473,7.311500859213785,10.688765975185659,0.0,167284597656.60245,0.9703205898338019,0.016494566818570054,0.0059635768651799,0.0071935770778035705,2.768940464473764e-05,0.0022911389909842355,0.02174047889046245,0.01560950960541637,0.9598248145093032,0.0005340580038334843,2883.5724110827273,./data\source\1797_IR_21_DE12.npz,IR
134,-1.3413215500127742e-18,1.0,1.0,-0.011265320096116875,1.0613578500019454,5.126853831006011,5.126853831011139,6.813430215984406,0.0,45065053349.10433,0.9747467305799101,0.013815756998160405,0.007186820804545057,0.004171954713311714,7.873690407266344e-05,0.0018716495946480391,0.019215503948057825,0.028633522976860268,0.9495839615044073,0.000695361976026745,2458.153511814504,./data\source\1797_IR_21_DE48.npz,IR
135,-1.624815511148489e-17,0.9999999999999999,0.9999999999999999,-0.01756509308257752,1.8231091718383579,5.7125871553419945,5.712587155347706,7.701913644004266,0.0,175295685438.2141,0.9707790573848517,0.011395927982881639,0.007287527457006453,0.010456025981950803,8.146119330948077e-05,0.0015433964571723458,0.017954013166914657,0.04102782379866111,0.9379524370923699,0.0015223294848821347,3434.4676044132893,./data\source\1797_IR_21_FE.npz,IR
136,1.894164496777715e-17,1.0,1.0,0.09481448415077828,0.4177374819450801,5.692050634793271,5.692050634798964,7.265484896148703,0.0,182194077622.4057,0.9287109978299075,0.021023494340945786,0.03271342881192607,0.01739266388084541,0.00015941513637534411,0.00018258123637031716,0.14195047920552534,0.21770909961170976,0.6400939734857887,6.386646060593485e-05,641.3191943775299,./data\source\1797_IR_28_DE12.npz,IR
137,2.265943447069348e-17,1.0,1.0,0.14094388045418932,2.521356564528807,6.013398435963415,6.013398435969429,8.406851363312487,0.0,171048258441.59695,0.9077811212960485,0.035154885595691174,0.04081821814103237,0.016028601822338548,0.0002171731448893682,0.0004716108856539322,0.033422723731550974,0.15982748062905436,0.8048674501390932,0.0014107346146475417,3586.979781924335,./data\source\1797_IR_7_DE12.npz,IR
138,1.406330740919547e-18,1.0,1.0,0.05234570872536554,3.095146445294603,6.123040930128321,6.123040930134445,8.58732169924486,0.0,43087303042.730774,0.8919082698775215,0.02213092988335752,0.06513475940980509,0.01888565941231603,0.0019403814169997187,0.00045137160447311696,0.036518627510735,0.1590535575612499,0.7907561246562383,0.01322031866730367,2454.7120386654037,./data\source\1797_IR_7_DE48.npz,IR
139,3.903837031425538e-18,1.0,1.0,-0.1270852498385028,1.0768386258904727,6.49888640595279,6.49888640595929,8.419071284447869,0.0,182529744538.74734,0.9208906830107174,0.019592035222943786,0.042480815085424485,0.016717591997770797,0.0003188746735864856,0.0012985452420586341,0.03845005722034608,0.19853985957462755,0.7563647404353854,0.005346797526888478,1063.6913981746038,./data\source\1797_IR_7_FE.npz,IR
140,1.6224737450917274e-17,1.0000000000000002,1.0000000000000002,-0.07527695223643713,-0.4405042181062968,3.537640968444508,3.5376409684480468,4.343189747615958,0.0,770255399271.5826,0.9812820976163877,0.0030984670023816567,0.014887426948180913,0.0007241754195374853,7.833013512204008e-06,0.0009850651728809205,0.09435451635290155,0.8368420989445055,0.06769352433567871,0.00012479519403314556,1036.098274870792,./data\source\1797_Normal.npz,N
141,5.125320574221384e-20,1.0,1.0,-0.26506919513167226,32.465241031027105,12.721118843682431,12.721118843695153,30.16535032458153,0.0,128734911738.81018,0.9141311450550593,0.0671055051298155,0.008293876635023078,0.010309344867671648,0.00016012831243046092,0.0006563996584530476,0.020639704797691664,0.024327650421551498,0.9541494470032823,0.00022679811902152992,3473.265973784558,./data\source\1797_OR@12_21_DE12.npz,OR
142,4.681578826852256e-19,1.0,1.0,0.1552300130539121,22.767816987650438,9.539576194892978,9.53957619490252,21.11287155755635,0.0,9480868585.409266,0.9851999737548247,0.007936717410328949,0.003316860231605128,0.00349536203181223,5.1086571429400216e-05,0.0003438925613162551,0.010448224600296206,0.009090686380823453,0.9795770971252877,0.0005400993322762036,2767.1343053784194,./data\source\1797_OR@12_21_DE48.npz,OR
143,1.8145823707590505e-17,1.0,1.0,-0.01756428958975781,5.057128175624168,7.942222576613075,7.942222576621018,11.6159865479878,0.0,167644979460.7977,0.9636838975754973,0.027827425281731235,0.004395634164277149,0.0040697697155352925,2.3273262958816762e-05,0.00018115379413090655,0.007806235929418574,0.01137959533014796,0.9799149627585254,0.0007180521877770741,3309.1942848906565,./data\source\1797_OR@12_7_DE12.npz,OR
144,1.0071270426279032e-18,0.9999999999999999,0.9999999999999999,0.027102521949952024,2.5474996364276183,6.63358525240937,6.633585252416003,8.935610655800584,0.0,12614127003.62089,0.9490920699184867,0.03938212085808642,0.0072658807503040036,0.0036616021499336284,0.0005983263231891122,0.00024914051646693196,0.014873211821447723,0.016639461533394326,0.9650237508609452,0.0032144352677456766,2584.1239064700044,./data\source\1797_OR@12_7_DE48.npz,OR
145,-1.2794288270412184e-17,1.0,1.0,0.022140995533269106,0.3731367756129176,5.355376432714627,5.355376432719983,6.815143913196526,0.0,183864478642.44028,0.9241768597719582,0.01911667483803898,0.03207310177570224,0.02431514942248162,0.0003182141918191394,0.0021777817884163137,0.058288139232010185,0.23059529381461072,0.7074494850380234,0.0014893001269392083,1077.1149590703,./data\source\1797_OR@12_7_FE.npz,OR
146,-1.2167118610229226e-17,1.0,1.0,0.01576748511986599,3.494186468097196,6.488368679168285,6.488368679174774,9.183856147287672,0.0,169721871430.58746,0.9722913491567513,0.00958674133703919,0.011647611503255358,0.006420897087046851,5.340091589470167e-05,0.0007021180462386155,0.014472852565480497,0.024076705755844835,0.9566749219132888,0.004073401718901142,3244.194585521485,./data\source\1797_OR@3_14_FE.npz,OR
147,4.731864839837542e-18,1.0,1.0,0.04722422568307801,3.931806358237026,8.684192053596043,8.684192053604727,12.35914609233765,0.0,169854519514.94156,0.9130977875247622,0.019639166400888832,0.025643181380480277,0.041088091931224584,0.0005317727583810526,0.022765347571082534,0.2361467353417919,0.12996628276715172,0.6072096382217957,0.003911996097936868,645.3521335075308,./data\source\1797_OR@3_21_DE12.npz,OR
148,4.985752530843247e-18,1.0,1.0,-0.2287512717268777,5.4721783937077335,7.817832537738318,7.817832537746137,11.31864752347057,0.0,11710555228.983501,0.9120317571739947,0.03513854110228047,0.03978382920463161,0.012881003445732928,0.00016486894552956508,0.0028947820048421703,0.02732061039090522,0.11601437083333369,0.8501446459309007,0.003625590840017224,2856.556612572281,./data\source\1797_OR@3_21_DE48.npz,OR
149,1.936743912831316e-17,0.9999999999999999,0.9999999999999999,0.04684770379432435,1.2435475732734695,4.2883325241484425,4.288332524152731,5.75555808525251,0.0,179141396555.29605,0.991638132052584,0.005764170961143413,0.002219552162539951,0.00037698336260072446,1.1614611318340347e-06,5.228500911983086e-05,0.0016909810840944096,0.008971507512773109,0.9890591839077615,0.00022604248625118973,2753.7528788682635,./data\source\1797_OR@3_7_DE12.npz,OR
150,1.2790526250376496e-17,1.0,1.0,0.05792688875390189,1.1679096794797177,4.842360900782871,4.842360900787713,6.402079473704713,0.0,11765862060.608038,0.950061400425598,0.03565274599720329,0.011042968139383312,0.0029510284764985065,0.0002918569268753547,0.0003185625034265307,0.006900113846130246,0.019781237299990415,0.9709645197877688,0.002035566557187758,2634.179226657678,./data\source\1797_OR@3_7_DE48.npz,OR
151,1.0487489119989917e-17,1.0,1.0,0.008632521477275338,0.2717928499277784,5.724681167389747,5.724681167395472,7.24676188094878,0.0,184203539165.06604,0.9444999721995018,0.01677124857108404,0.019635114214271727,0.01890626551346919,0.00018739950167310837,0.0015227065820464947,0.04368781168108139,0.11020543707219273,0.8421897958473645,0.0023942488173146494,1077.3656020630826,./data\source\1797_OR@3_7_FE.npz,OR
152,-9.20370899914848e-18,1.0,1.0,-0.0021493300180790275,0.05961222368807073,6.167673739451456,6.167673739457625,7.731808738188829,0.0,188451443391.65558,0.9407589753920927,0.018884814441928157,0.016288750483605927,0.023644927305485213,0.000422532376887959,0.0011166292854561095,0.07710391791318855,0.04301780120219015,0.8359050049333482,0.04285664666581658,3416.4402027557294,./data\source\1797_OR@6_14_DE12.npz,OR
153,1.3926445449537537e-17,1.0,1.0,0.00903284969586399,1.2055400292343474,7.995556922905239,7.995556922913235,10.217337701350246,0.0,46886108549.31928,0.9600863744850064,0.02115652691253627,0.011365200993489302,0.006965843850552488,0.00042605375841558556,0.0007172616600117254,0.034110892836981925,0.030364193555344254,0.9326510602260188,0.0021565917216434223,2913.986061054783,./data\source\1797_OR@6_14_DE48.npz,OR
154,6.978812158859283e-18,1.0,1.0,0.022098479792075302,2.558694643849322,4.753009271500152,4.753009271504905,7.342791836748175,0.0,157905361121.9621,0.9789381369353224,0.003739277740197433,0.012968796000351123,0.004313307125182682,4.048219894652508e-05,0.0005522005118857567,0.009086229342642237,0.015012375744333796,0.9743739150226779,0.000975279378460619,3312.6363816703033,./data\source\1797_OR@6_14_FE.npz,OR
155,-3.952281064781931e-18,1.0,1.0,-0.014193412398152108,18.738473955126672,11.551157871640596,11.551157871652148,23.332049017945746,0.0,138853296103.97842,0.9130722402583014,0.06231231833865256,0.011834507368448466,0.01261513258393873,0.00016580145065891693,0.0008534714363046946,0.037577124829387,0.024054218768173912,0.9370482668642607,0.00046691810187376683,2795.086837994302,./data\source\1797_OR@6_21_DE12.npz,OR
156,1.8171563254697254e-18,1.0,1.0,-0.18171736865600013,18.319363032046898,11.953169208415833,11.953169208427788,23.671155874932143,0.0,35458200279.984825,0.9340523248794392,0.04393971041792422,0.01168127850700957,0.009961378974722433,0.00036530722029375903,0.0012310217932902984,0.03178082921738899,0.024832608941708315,0.9388504742667115,0.0033050657772924117,2795.333317095745,./data\source\1797_OR@6_21_DE48.npz,OR
157,-2.308491816684506e-18,1.0,1.0,0.024074825295160827,2.8707203743099647,5.256003972764421,5.256003972769677,7.761736088721831,0.0,162176552181.0996,0.956451276704947,0.0038729695270745368,0.009941076074282339,0.029595153269811915,0.0001395244238843567,0.0003758179640655572,0.022416173810191006,0.12445433514319776,0.8523642254010356,0.0003894476815099575,1005.0303750085498,./data\source\1797_OR@6_21_FE.npz,OR
158,1.8926792444026293e-17,1.0,1.0,0.02034296815889404,4.684584542369258,5.38270382605238,5.382703826057763,8.90864935643666,0.0,153503138028.32327,0.9152264150723375,0.0782655372667531,0.0046323828790562705,0.0018616855461506948,1.3979234560046771e-05,6.344366972886733e-05,0.0034405202403624997,0.0033992478391928226,0.9858904708560586,0.007206317394578472,3444.542129046141,./data\source\1797_OR@6_7_DE12.npz,OR
159,-4.34081003228678e-18,0.9999999999999999,0.9999999999999999,0.0659075081291536,3.7354231545374947,5.165740159100639,5.165740159105804,8.226329987614003,0.0,39209049680.03012,0.9256964617930612,0.07246897336814709,0.0011794992816472082,0.0006054918431470706,4.9573713997467854e-05,3.670678645817808e-05,0.0004566152717090458,0.0018834378663556937,0.9968669363730129,0.0007563037024642475,3445.5989504739496,./data\source\1797_OR@6_7_DE48.npz,OR
160,-1.3161253032277052e-17,1.0,1.0,-0.016269183653153548,3.5837255922870033,6.67969174546275,6.67969174546943,9.43303727079983,0.0,168835956363.48865,0.9440609283216961,0.012926433146978656,0.023273829037597848,0.01948658427799595,0.00025222521573151346,0.0007313892415686922,0.033138871641340335,0.14280748874747684,0.8215214743615117,0.0018007760081024298,1009.8695510886217,./data\source\1797_OR@6_7_FE.npz,OR
